[{
 "id": "1",
 "name": "PHP",
 "status": true
}, {
 "id": "2",
 "name": "Angular",
 "status": null
}, {
 "id": "3",
 "name": "Node Js",
 "status": false
}, {
 "id": "4",
 "name": "Photoshop cc",
 "status": null
}, {
 "id": "5",
 "name": "Ms Office",
 "status": false
}, {
 "id": "6",
 "name": "Git hub",
 "status": null
}, {
 "id": "7",
 "name": "Illustator",
 "status": null
}, {
 "id": "8",
 "name": "After Effects cc",
 "status": null
}, {
 "id": "9",
 "name": "Sketch",
 "status": null
}, {
 "id": "10",
 "name": "Invision",
 "status": null
}]
